{
  "name": "tvradio-analytics-proxy",
  "version": "1.0.0",
  "description": "Servidor proxy para Google Analytics API",
  "main": "server.js",
  "scripts": {
    "start": "node server.js",
    "dev": "nodemon server.js",
    "test": "jest"
  },
  "dependencies": {
    "express": "^4.18.2",
    "cors": "^2.8.5",
    "axios": "^1.6.2",
    "dotenv": "^16.3.1"
  },
  "devDependencies": {
    "nodemon": "^3.0.2",
    "jest": "^29.7.0"
  },
  "engines": {
    "node": ">=16.0.0"
  },
  "keywords": [
    "google-analytics",
    "proxy",
    "api",
    "analytics"
  ],
  "author": "TvRadio Team",
  "license": "MIT"
}